{"cameraMode":{"drawMode":0,"name":"Shaded","section":"Shading Mode"},"sceneLighting":true,"audioPlay":false,"sceneViewState":{"showFog":true,"showMaterialUpdate":false,"showSkybox":true,"showFlares":true,"showImageEffects":true,"showParticleSystems":true},"in2DMode":false,"pivot":{"x":-1.1920928955078126e-7,"y":2.609506845474243,"z":-0.02690303325653076},"rotation":{"x":0.23816488683223725,"y":-0.3443967401981354,"z":0.09078650176525116,"w":0.9035946726799011},"size":5.677154064178467,"orthographic":false}